1,Argy,101,8b5e09d8-ff2a-458b-b419-559302ef0ac7,27-05-2025,28-05-2025,300000,dibatalkan
2,Budi,103,8b5e09d8-ff2a-458b-b419-559302ef0ac7,03-02-2025,06-02-2025,400000,dibatalkan
3,Budi,203,8b5e09d8-ff2a-458b-b419-559302ef0ac7,02-02-2025,06-02-2025,430000,dibatalkan
4,Budi,201,8b5e09d8-ff2a-458b-b419-559302ef0ac7,02-02-2025,03-02-2025,310000,dibatalkan
5,Budi,211,8b5e09d8-ff2a-458b-b419-559302ef0ac7,03-03-2025,26-03-2025,100000,dibatalkan
6,Budi,105,8b5e09d8-ff2a-458b-b419-559302ef0ac7,02-02-2025,05-02-2025,310000,dibatalkan
7,Raya,211,174783527255647600060554,02-02-2025,05-02-2025,100000,aktif
8,Raya,208,174783527255647600060554,05-06-2025,09-06-2025,440000,dibatalkan
9,Raya,209,174783527255647600060554,03-02-2025,06-02-2025,310000,aktif
10,naufal,208,174783523341513600060554,02-05-2025,05-05-2025,440000,aktif
11,naufal,208,174783523341513600060554,06-06-2025,08-06-2025,440000,aktif
